{
  "drug": {
    "precision": 1.0,
    "recall": 0.9758842443729904,
    "f1-score": 0.9877949552481692,
    "support": 3732,
    "confused_with": {}
  },
  "disease": {
    "precision": 1.0,
    "recall": 1.0,
    "f1-score": 1.0,
    "support": 38860,
    "confused_with": {}
  },
  "micro avg": {
    "precision": 1.0,
    "recall": 0.9978869271224643,
    "f1-score": 0.9989423461113591,
    "support": 42592
  },
  "macro avg": {
    "precision": 1.0,
    "recall": 0.9879421221864952,
    "f1-score": 0.9938974776240845,
    "support": 42592
  },
  "weighted avg": {
    "precision": 1.0,
    "recall": 0.9978869271224643,
    "f1-score": 0.998930568486715,
    "support": 42592
  },
  "accuracy": 0.9992908527889184
}